<?xml version="1.0" encoding="UTF-8" ?>
<module>
<name>Vehicles</name>
<label>Vehicles</label>
<parent>Tools</parent>
<version>21.10</version>
<dependencies>
<vtiger_version>21.10</vtiger_version>
</dependencies>
<tables>
<table>
<name>TABLEPREFIX_vehicles</name>
<sql><![CDATA[<?xml version="1.0"?>
<schema version="0.3">
  <table name="TABLEPREFIX_vehicles">
    <field name="vehiclesid" type="I" size="19">
      <KEY/>
    </field>
    <field name="plate" type="C" size="200"/>
    <field name="vehicle_type" type="C" size="255"/>
    <field name="make" type="C" size="200"/>
    <field name="model" type="C" size="200"/>
    <field name="registration_year" type="I" size="5"/>
    <field name="account_id" type="I" size="19"/>
    <field name="contact_id" type="I" size="19"/>
    <field name="insurance_id" type="I" size="19"/>
    <field name="employee_id" type="I" size="19"/>
    <field name="color" type="C" size="200"/>
    <field name="chassis" type="C" size="200"/>
    <field name="description" type="XL"/>
  </table>
</schema>]]></sql>
</table>
<table>
<name>TABLEPREFIX_vehiclescf</name>
<sql><![CDATA[<?xml version="1.0"?>
<schema version="0.3">
  <table name="TABLEPREFIX_vehiclescf">
    <field name="vehiclesid" type="I" size="19">
      <KEY/>
    </field>
  </table>
</schema>]]></sql>
</table>
</tables>
<panels>
<panel>
<label>LBL_TAB_MAIN</label>
<blocks>
<block>
<label>LBL_VEHICLES_INFORMATION</label>
<display_status>1</display_status>
<sequence>1</sequence>
<fields>
<field>
<fieldname>plate</fieldname>
<uitype>1</uitype>
<columnname>plate</columnname>
<tablename>TABLEPREFIX_vehicles</tablename>
<generatedtype>1</generatedtype>
<fieldlabel><![CDATA[Plate]]></fieldlabel>
<presence>2</presence>
<selected>0</selected>
<sequence>1</sequence>
<maximumlength>100</maximumlength>
<typeofdata>V~M</typeofdata>
<quickcreate>0</quickcreate>
<quickcreatesequence>1</quickcreatesequence>
<displaytype>1</displaytype>
<info_type>BAS</info_type>
<helpinfo><![CDATA[]]></helpinfo>
<masseditable>1</masseditable>
<entityidentifier>
<entityidfield>vehiclesid</entityidfield>
<entityidcolumn>vehiclesid</entityidcolumn>
</entityidentifier>
</field>
<field>
<fieldname>vehicle_type</fieldname>
<uitype>15</uitype>
<columnname>vehicle_type</columnname>
<tablename>TABLEPREFIX_vehicles</tablename>
<generatedtype>1</generatedtype>
<fieldlabel><![CDATA[Vehicle Type]]></fieldlabel>
<presence>2</presence>
<selected>0</selected>
<sequence>2</sequence>
<maximumlength>100</maximumlength>
<typeofdata>V~O</typeofdata>
<quickcreate>2</quickcreate>
<quickcreatesequence>2</quickcreatesequence>
<displaytype>1</displaytype>
<info_type>BAS</info_type>
<helpinfo><![CDATA[]]></helpinfo>
<masseditable>1</masseditable>
<picklistvalues>
<picklistvalue>Car</picklistvalue>
<picklistvalue>Van</picklistvalue>
<picklistvalue>Motorbike</picklistvalue>
<picklistvalue>Other</picklistvalue>
</picklistvalues>
</field>
<field>
<fieldname>make</fieldname>
<uitype>1</uitype>
<columnname>make</columnname>
<tablename>TABLEPREFIX_vehicles</tablename>
<generatedtype>1</generatedtype>
<fieldlabel><![CDATA[Make]]></fieldlabel>
<presence>2</presence>
<selected>0</selected>
<sequence>3</sequence>
<maximumlength>100</maximumlength>
<typeofdata>V~O</typeofdata>
<quickcreate>2</quickcreate>
<quickcreatesequence>3</quickcreatesequence>
<displaytype>1</displaytype>
<info_type>BAS</info_type>
<helpinfo><![CDATA[]]></helpinfo>
<masseditable>1</masseditable>
</field>
<field>
<fieldname>model</fieldname>
<uitype>1</uitype>
<columnname>model</columnname>
<tablename>TABLEPREFIX_vehicles</tablename>
<generatedtype>1</generatedtype>
<fieldlabel><![CDATA[Model]]></fieldlabel>
<presence>2</presence>
<selected>0</selected>
<sequence>4</sequence>
<maximumlength>100</maximumlength>
<typeofdata>V~O</typeofdata>
<quickcreate>2</quickcreate>
<quickcreatesequence>4</quickcreatesequence>
<displaytype>1</displaytype>
<info_type>BAS</info_type>
<helpinfo><![CDATA[]]></helpinfo>
<masseditable>1</masseditable>
</field>
<field>
<fieldname>registration_year</fieldname>
<uitype>7</uitype>
<columnname>registration_year</columnname>
<tablename>TABLEPREFIX_vehicles</tablename>
<generatedtype>1</generatedtype>
<fieldlabel><![CDATA[Registration Year]]></fieldlabel>
<presence>2</presence>
<selected>0</selected>
<sequence>5</sequence>
<maximumlength>100</maximumlength>
<typeofdata>I~O</typeofdata>
<quickcreate>2</quickcreate>
<quickcreatesequence>5</quickcreatesequence>
<displaytype>1</displaytype>
<info_type>BAS</info_type>
<helpinfo><![CDATA[]]></helpinfo>
<masseditable>1</masseditable>
</field>
<field>
<fieldname>account_id</fieldname>
<uitype>10</uitype>
<columnname>account_id</columnname>
<tablename>TABLEPREFIX_vehicles</tablename>
<generatedtype>1</generatedtype>
<fieldlabel><![CDATA[Account]]></fieldlabel>
<presence>2</presence>
<selected>0</selected>
<sequence>6</sequence>
<maximumlength>100</maximumlength>
<typeofdata>V~O</typeofdata>
<quickcreate>2</quickcreate>
<quickcreatesequence>6</quickcreatesequence>
<displaytype>1</displaytype>
<info_type>BAS</info_type>
<helpinfo><![CDATA[]]></helpinfo>
<masseditable>1</masseditable>
<relatedmodules>
<relatedmodule>Accounts</relatedmodule>
</relatedmodules>
</field>
<field>
<fieldname>contact_id</fieldname>
<uitype>10</uitype>
<columnname>contact_id</columnname>
<tablename>TABLEPREFIX_vehicles</tablename>
<generatedtype>1</generatedtype>
<fieldlabel><![CDATA[Contact]]></fieldlabel>
<readonly>1</readonly>
<presence>2</presence>
<selected>0</selected>
<sequence>7</sequence>
<maximumlength>100</maximumlength>
<typeofdata>V~O</typeofdata>
<quickcreate>2</quickcreate>
<quickcreatesequence>8</quickcreatesequence>
<displaytype>1</displaytype>
<info_type>BAS</info_type>
<helpinfo><![CDATA[]]></helpinfo>
<masseditable>1</masseditable>
<relatedmodules>
<relatedmodule>Contacts</relatedmodule>
</relatedmodules>
</field>
<field>
<fieldname>insurance_id</fieldname>
<uitype>10</uitype>
<columnname>insurance_id</columnname>
<tablename>TABLEPREFIX_vehicles</tablename>
<generatedtype>1</generatedtype>
<fieldlabel><![CDATA[Insurance]]></fieldlabel>
<presence>2</presence>
<selected>0</selected>
<sequence>8</sequence>
<maximumlength>100</maximumlength>
<typeofdata>V~O</typeofdata>
<quickcreate>2</quickcreate>
<quickcreatesequence>8</quickcreatesequence>
<displaytype>1</displaytype>
<info_type>BAS</info_type>
<helpinfo><![CDATA[]]></helpinfo>
<masseditable>1</masseditable>
<relatedmodules>
<relatedmodule>Insurances</relatedmodule>
</relatedmodules>
</field>
<field>
<fieldname>color</fieldname>
<uitype>1</uitype>
<columnname>color</columnname>
<tablename>TABLEPREFIX_vehicles</tablename>
<generatedtype>1</generatedtype>
<fieldlabel><![CDATA[Color]]></fieldlabel>
<presence>2</presence>
<selected>0</selected>
<sequence>9</sequence>
<maximumlength>100</maximumlength>
<typeofdata>V~O</typeofdata>
<quickcreate>2</quickcreate>
<quickcreatesequence>9</quickcreatesequence>
<displaytype>1</displaytype>
<info_type>BAS</info_type>
<helpinfo><![CDATA[]]></helpinfo>
<masseditable>1</masseditable>
</field>
<field>
<fieldname>chassis</fieldname>
<uitype>1</uitype>
<columnname>chassis</columnname>
<tablename>TABLEPREFIX_vehicles</tablename>
<generatedtype>1</generatedtype>
<fieldlabel><![CDATA[Chassis]]></fieldlabel>
<presence>2</presence>
<selected>0</selected>
<sequence>10</sequence>
<maximumlength>100</maximumlength>
<typeofdata>V~O</typeofdata>
<quickcreate>2</quickcreate>
<quickcreatesequence>10</quickcreatesequence>
<displaytype>1</displaytype>
<info_type>BAS</info_type>
<helpinfo><![CDATA[]]></helpinfo>
<masseditable>1</masseditable>
</field>
</fields>
</block>
<block>
<label>LBL_DESCRIPTION_INFORMATION</label>
<display_status>1</display_status>
<sequence>2</sequence>
<fields>
<field>
<fieldname>description</fieldname>
<uitype>19</uitype>
<columnname>description</columnname>
<tablename>TABLEPREFIX_vehicles</tablename>
<generatedtype>1</generatedtype>
<fieldlabel><![CDATA[Description]]></fieldlabel>
<presence>2</presence>
<selected>0</selected>
<sequence>1</sequence>
<maximumlength>100</maximumlength>
<typeofdata>V~O</typeofdata>
<quickcreate>1</quickcreate>
<quickcreatesequence></quickcreatesequence>
<displaytype>1</displaytype>
<info_type>BAS</info_type>
<helpinfo><![CDATA[]]></helpinfo>
<masseditable>1</masseditable>
</field>
</fields>
</block>
<block>
<label>LBL_CUSTOM_INFORMATION</label>
<display_status>1</display_status>
<sequence>3</sequence>
<fields>
<field>
<fieldname>assigned_user_id</fieldname>
<uitype>53</uitype>
<columnname>smownerid</columnname>
<tablename>TABLEPREFIX_crmentity</tablename>
<generatedtype>1</generatedtype>
<fieldlabel><![CDATA[Assigned To]]></fieldlabel>
<readonly>1</readonly>
<presence>2</presence>
<selected>0</selected>
<sequence>1</sequence>
<maximumlength>100</maximumlength>
<typeofdata>I~M</typeofdata>
<quickcreate>2</quickcreate>
<quickcreatesequence>4</quickcreatesequence>
<displaytype>1</displaytype>
<info_type>BAS</info_type>
<helpinfo><![CDATA[]]></helpinfo>
<masseditable>1</masseditable>
</field>
<field>
<fieldname>createdtime</fieldname>
<uitype>70</uitype>
<columnname>createdtime</columnname>
<tablename>TABLEPREFIX_crmentity</tablename>
<generatedtype>1</generatedtype>
<fieldlabel><![CDATA[Created Time]]></fieldlabel>
<readonly>1</readonly>
<presence>2</presence>
<selected>0</selected>
<sequence>2</sequence>
<maximumlength>100</maximumlength>
<typeofdata>T~O</typeofdata>
<quickcreate>1</quickcreate>
<quickcreatesequence></quickcreatesequence>
<displaytype>2</displaytype>
<info_type>BAS</info_type>
<helpinfo><![CDATA[]]></helpinfo>
<masseditable>0</masseditable>
</field>
<field>
<fieldname>modifiedtime</fieldname>
<uitype>70</uitype>
<columnname>modifiedtime</columnname>
<tablename>TABLEPREFIX_crmentity</tablename>
<generatedtype>1</generatedtype>
<fieldlabel><![CDATA[Modified Time]]></fieldlabel>
<readonly>1</readonly>
<presence>2</presence>
<selected>0</selected>
<sequence>3</sequence>
<maximumlength>100</maximumlength>
<typeofdata>T~O</typeofdata>
<quickcreate>1</quickcreate>
<quickcreatesequence></quickcreatesequence>
<displaytype>2</displaytype>
<info_type>BAS</info_type>
<helpinfo><![CDATA[]]></helpinfo>
<masseditable>1</masseditable>
</field>
</fields>
</block>
</blocks>
</panel>
</panels>
<customviews>
<customview>
<viewname>All</viewname>
<setdefault>true</setdefault>
<setmetrics>false</setmetrics>
<fields>
<field>
<fieldname>plate</fieldname>
<columnindex>1</columnindex>
</field>
<field>
<fieldname>vehicle_type</fieldname>
<columnindex>2</columnindex>
</field>
<field>
<fieldname>make</fieldname>
<columnindex>3</columnindex>
</field>
<field>
<fieldname>model</fieldname>
<columnindex>4</columnindex>
</field>
<field>
<fieldname>registration_year</fieldname>
<columnindex>5</columnindex>
</field>
<field>
<fieldname>assigned_user_id</fieldname>
<columnindex>6</columnindex>
</field>
<field>
<fieldname>account_id</fieldname>
<columnindex>7</columnindex>
</field>
<field>
<fieldname>contact_id</fieldname>
<columnindex>8</columnindex>
</field>
<field>
<fieldname>description</fieldname>
<columnindex>9</columnindex>
</field>
</fields>
</customview>
</customviews>
<sharingaccess>
<default>private</default>
</sharingaccess>
<actions>
<action>
<name><![CDATA[Import]]></name>
<status>enabled</status>
</action>
<action>
<name><![CDATA[Export]]></name>
<status>enabled</status>
</action>
<action>
<name><![CDATA[DuplicatesHandling]]></name>
<status>enabled</status>
</action>
</actions>
<relatedlists>
<relatedlist>
<function>get_dependents_list</function>
<label>Processes</label>
<sequence>1</sequence>
<presence>0</presence>
<actions>
<action>ADD</action>
</actions>
<relatedmodule>Processes</relatedmodule>
</relatedlist>
<relatedlist>
<function>get_messages_list</function>
<label>Messages</label>
<sequence>2</sequence>
<presence>0</presence>
<actions>
<action>ADD</action>
</actions>
<relatedmodule>Messages</relatedmodule>
</relatedlist>
<relatedlist>
<function>get_attachments</function>
<label>Documents</label>
<sequence>3</sequence>
<presence>0</presence>
<actions>
<action>ADD</action>
<action>SELECT</action>
</actions>
<relatedmodule>Documents</relatedmodule>
</relatedlist>
<relatedlist>
<function>get_activities</function>
<label>Activities</label>
<sequence>4</sequence>
<presence>0</presence>
<actions>
<action>ADD</action>
</actions>
<relatedmodule>Calendar</relatedmodule>
</relatedlist>
<relatedlist>
<function>get_dependents_list</function>
<label>Invoice</label>
<sequence>5</sequence>
<presence>0</presence>
<relatedmodule>Invoice</relatedmodule>
</relatedlist>
<relatedlist>
<function>get_dependents_list</function>
<label>SalesOrder</label>
<sequence>6</sequence>
<presence>0</presence>
<relatedmodule>SalesOrder</relatedmodule>
</relatedlist>
</relatedlists>
<customlinks>
<customlink>
<linktype>DETAILVIEWWIDGET</linktype>
<linklabel>DetailViewBlockCommentWidget</linklabel>
<linkurl><![CDATA[block://ModComments:modules/ModComments/ModComments.php]]></linkurl>
<linkicon><![CDATA[]]></linkicon>
<sequence>0</sequence>
</customlink>
<customlink>
<linktype>DETAILVIEWWIDGET</linktype>
<linklabel>DetailViewMyNotesWidget</linklabel>
<linkurl><![CDATA[block://MyNotes:modules/MyNotes/MyNotes.php]]></linkurl>
<linkicon><![CDATA[]]></linkicon>
<sequence>0</sequence>
</customlink>
<customlink>
<linktype>DETAILVIEWWIDGET</linktype>
<linklabel>DetailViewProcessesAdvPerm</linklabel>
<linkurl><![CDATA[block://Processes:modules/Processes/Processes.php]]></linkurl>
<linkicon><![CDATA[]]></linkicon>
<sequence>1</sequence>
</customlink>
</customlinks>
<sdk>
<extra_sources>
<extra_src>modules/SDK/src/ReturnFunct/ReturnVehiclesInformation.php</extra_src>
</extra_sources>
</sdk>
</module>
