<?xml version="1.0" encoding="UTF-8" ?>
<module>
<name>Insurances</name>
<label>Insurances</label>
<parent>Tools</parent>
<version>21.10</version>
<dependencies>
<vtiger_version>21.10</vtiger_version>
</dependencies>
<tables>
<table>
<name>TABLEPREFIX_insurances</name>
<sql><![CDATA[<?xml version="1.0"?>
<schema version="0.3">
  <table name="TABLEPREFIX_insurances">
    <field name="insurancesid" type="I" size="19">
      <KEY/>
    </field>
    <field name="insurance_name" type="C" size="200"/>
    <field name="price_rate" type="N" size="25,3"/>
    <field name="image_url" type="C" size="255"/>
    <field name="phone" type="C" size="30"/>
    <field name="website" type="C" size="255"/>
    <field name="email" type="C" size="100"/>
    <field name="street" type="C" size="200"/>
    <field name="city" type="C" size="200"/>
    <field name="state" type="C" size="200"/>
    <field name="pobox" type="C" size="200"/>
    <field name="postalcode" type="C" size="200"/>
    <field name="country" type="C" size="200"/>
    <field name="image_button" type="C" size="1"/>   
    <field name="description" type="XL"/>
  </table>
</schema>]]></sql>
</table>
<table>
<name>TABLEPREFIX_insurancescf</name>
<sql><![CDATA[<?xml version="1.0"?>
<schema version="0.3">
  <table name="TABLEPREFIX_insurancescf">
    <field name="insurancesid" type="I" size="19">
      <KEY/>
    </field>
  </table>
</schema>]]></sql>
</table>
</tables>
<panels>
<panel>
<label>LBL_TAB_MAIN</label>
<blocks>
<block>
<label>LBL_INSURANCES_INFORMATION</label>
<display_status>1</display_status>
<sequence>1</sequence>
<fields>
<field>
<fieldname>insurance_name</fieldname>
<uitype>1</uitype>
<columnname>insurance_name</columnname>
<tablename>TABLEPREFIX_insurances</tablename>
<generatedtype>1</generatedtype>
<fieldlabel><![CDATA[Insurance Name]]></fieldlabel>
<presence>2</presence>
<selected>0</selected>
<sequence>1</sequence>
<maximumlength>100</maximumlength>
<typeofdata>V~M</typeofdata>
<quickcreate>0</quickcreate>
<quickcreatesequence>1</quickcreatesequence>
<displaytype>1</displaytype>
<info_type>BAS</info_type>
<helpinfo><![CDATA[]]></helpinfo>
<masseditable>1</masseditable>
<entityidentifier>
<entityidfield>insurancesid</entityidfield>
<entityidcolumn>insurancesid</entityidcolumn>
</entityidentifier>
</field>
<field>
<fieldname>price_rate</fieldname>
<uitype>7</uitype>
<columnname>price_rate</columnname>
<tablename>TABLEPREFIX_insurances</tablename>
<generatedtype>1</generatedtype>
<fieldlabel><![CDATA[Price Rate]]></fieldlabel>
<presence>2</presence>
<selected>0</selected>
<sequence>2</sequence>
<maximumlength>100</maximumlength>
<typeofdata>N~O</typeofdata>
<quickcreate>2</quickcreate>
<quickcreatesequence>2</quickcreatesequence>
<displaytype>1</displaytype>
<info_type>BAS</info_type>
<helpinfo><![CDATA[]]></helpinfo>
<masseditable>1</masseditable>
</field>
<field>
<fieldname>image_url</fieldname>
<uitype>209</uitype>
<columnname>image_url</columnname>
<tablename>TABLEPREFIX_insurances</tablename>
<generatedtype>1</generatedtype>
<fieldlabel><![CDATA[Image URL]]></fieldlabel>
<presence>2</presence>
<selected>0</selected>
<sequence>3</sequence>
<maximumlength>100</maximumlength>
<typeofdata>V~O</typeofdata>
<quickcreate>2</quickcreate>
<quickcreatesequence>3</quickcreatesequence>
<displaytype>1</displaytype>
<info_type>BAS</info_type>
<helpinfo><![CDATA[]]></helpinfo>
<masseditable>1</masseditable>
</field>
<field>
<fieldname>phone</fieldname>
<uitype>11</uitype>
<columnname>phone</columnname>
<tablename>TABLEPREFIX_insurances</tablename>
<generatedtype>1</generatedtype>
<fieldlabel><![CDATA[Phone]]></fieldlabel>
<presence>2</presence>
<selected>0</selected>
<sequence>4</sequence>
<maximumlength>100</maximumlength>
<typeofdata>V~O</typeofdata>
<quickcreate>2</quickcreate>
<quickcreatesequence>4</quickcreatesequence>
<displaytype>1</displaytype>
<info_type>BAS</info_type>
<helpinfo><![CDATA[]]></helpinfo>
<masseditable>1</masseditable>
</field>
<field>
<fieldname>website</fieldname>
<uitype>17</uitype>
<columnname>website</columnname>
<tablename>TABLEPREFIX_insurances</tablename>
<generatedtype>1</generatedtype>
<fieldlabel><![CDATA[Website]]></fieldlabel>
<presence>2</presence>
<selected>0</selected>
<sequence>5</sequence>
<maximumlength>100</maximumlength>
<typeofdata>I~O</typeofdata>
<quickcreate>2</quickcreate>
<quickcreatesequence>5</quickcreatesequence>
<displaytype>1</displaytype>
<info_type>BAS</info_type>
<helpinfo><![CDATA[]]></helpinfo>
<masseditable>1</masseditable>
</field>
<field>
<fieldname>email</fieldname>
<uitype>13</uitype>
<columnname>email</columnname>
<tablename>TABLEPREFIX_insurances</tablename>
<generatedtype>1</generatedtype>
<fieldlabel><![CDATA[Email]]></fieldlabel>
<presence>2</presence>
<selected>0</selected>
<sequence>6</sequence>
<maximumlength>100</maximumlength>
<typeofdata>I~O</typeofdata>
<quickcreate>2</quickcreate>
<quickcreatesequence>6</quickcreatesequence>
<displaytype>1</displaytype>
<info_type>BAS</info_type>
<helpinfo><![CDATA[]]></helpinfo>
<masseditable>1</masseditable>
</field>
</fields>
</block>
<block>
<label>LBL_ADDRESS_INFORMATION</label>
<display_status>1</display_status>
<sequence>2</sequence>
<fields>
<field>
<fieldname>street</fieldname>
<uitype>1</uitype>
<columnname>street</columnname>
<tablename>TABLEPREFIX_insurances</tablename>
<generatedtype>1</generatedtype>
<fieldlabel><![CDATA[Street]]></fieldlabel>
<presence>2</presence>
<selected>0</selected>
<sequence>1</sequence>
<maximumlength>100</maximumlength>
<typeofdata>V~O</typeofdata>
<quickcreate>2</quickcreate>
<quickcreatesequence>1</quickcreatesequence>
<displaytype>1</displaytype>
<info_type>BAS</info_type>
<helpinfo><![CDATA[]]></helpinfo>
<masseditable>1</masseditable>
</field>
<field>
<fieldname>city</fieldname>
<uitype>1</uitype>
<columnname>city</columnname>
<tablename>TABLEPREFIX_insurances</tablename>
<generatedtype>1</generatedtype>
<fieldlabel><![CDATA[City]]></fieldlabel>
<readonly>1</readonly>
<presence>2</presence>
<selected>0</selected>
<sequence>2</sequence>
<maximumlength>100</maximumlength>
<typeofdata>V~O</typeofdata>
<quickcreate>2</quickcreate>
<quickcreatesequence>2</quickcreatesequence>
<displaytype>1</displaytype>
<info_type>BAS</info_type>
<helpinfo><![CDATA[]]></helpinfo>
<masseditable>1</masseditable>
</field>
<field>
<fieldname>state</fieldname>
<uitype>1</uitype>
<columnname>state</columnname>
<tablename>TABLEPREFIX_insurances</tablename>
<generatedtype>1</generatedtype>
<fieldlabel><![CDATA[State]]></fieldlabel>
<presence>2</presence>
<selected>0</selected>
<sequence>3</sequence>
<maximumlength>100</maximumlength>
<typeofdata>V~O</typeofdata>
<quickcreate>2</quickcreate>
<quickcreatesequence>3</quickcreatesequence>
<displaytype>1</displaytype>
<info_type>BAS</info_type>
<helpinfo><![CDATA[]]></helpinfo>
<masseditable>1</masseditable>
</field>
<field>
<fieldname>pobox</fieldname>
<uitype>1</uitype>
<columnname>pobox</columnname>
<tablename>TABLEPREFIX_insurances</tablename>
<generatedtype>1</generatedtype>
<fieldlabel><![CDATA[Pobox]]></fieldlabel>
<presence>2</presence>
<selected>0</selected>
<sequence>4</sequence>
<maximumlength>100</maximumlength>
<typeofdata>V~O</typeofdata>
<quickcreate>2</quickcreate>
<quickcreatesequence>4</quickcreatesequence>
<displaytype>1</displaytype>
<info_type>BAS</info_type>
<helpinfo><![CDATA[]]></helpinfo>
<masseditable>1</masseditable>
</field>
<field>
<fieldname>postalcode</fieldname>
<uitype>1</uitype>
<columnname>postalcode</columnname>
<tablename>TABLEPREFIX_insurances</tablename>
<generatedtype>1</generatedtype>
<fieldlabel><![CDATA[PostalCode]]></fieldlabel>
<presence>2</presence>
<selected>0</selected>
<sequence>5</sequence>
<maximumlength>100</maximumlength>
<typeofdata>V~O</typeofdata>
<quickcreate>2</quickcreate>
<quickcreatesequence>5</quickcreatesequence>
<displaytype>1</displaytype>
<info_type>BAS</info_type>
<helpinfo><![CDATA[]]></helpinfo>
<masseditable>1</masseditable>
</field>
<field>
<fieldname>country</fieldname>
<uitype>1</uitype>
<columnname>country</columnname>
<tablename>TABLEPREFIX_insurances</tablename>
<generatedtype>1</generatedtype>
<fieldlabel><![CDATA[Country]]></fieldlabel>
<presence>2</presence>
<selected>0</selected>
<sequence>6</sequence>
<maximumlength>100</maximumlength>
<typeofdata>V~O</typeofdata>
<quickcreate>2</quickcreate>
<quickcreatesequence>6</quickcreatesequence>
<displaytype>1</displaytype>
<info_type>BAS</info_type>
<helpinfo><![CDATA[]]></helpinfo>
<masseditable>1</masseditable>
</field>
<field>
<fieldname>image_button</fieldname>
<uitype>213</uitype>
<columnname>image_button</columnname>
<tablename>TABLEPREFIX_insurances</tablename>
<generatedtype>2</generatedtype>
<fieldlabel><![CDATA[Inserisci Immagine]]></fieldlabel>
<readonly>0</readonly>
<presence>2</presence>
<selected>0</selected>
<sequence>7</sequence>
<maximumlength>100</maximumlength>
<typeofdata>V~O</typeofdata>
<quickcreate>1</quickcreate>
<quickcreatesequence>1</quickcreatesequence>
<displaytype>1</displaytype>
<info_type>BAS</info_type>
<helpinfo><![CDATA[]]></helpinfo>
<masseditable>1</masseditable>
<info>
<onclick><![CDATA["openSignInWindow('https:\/\/lepori.vtenext.ch\/modules\/SDK\/src\/modules\/Insurances\/UploadImage.html','Upload Image');"]]></onclick>
<code><![CDATA["var windowObjectReference = null;\nvar previousUrl = null;\n\nconst openSignInWindow = (url, name) => {\nvar assigned_user_id = jQuery('[name=assigned_user_id]').val();\nvar crmid = jQuery('input[name=record]').val();\nurl = url + \"?crmid=\" + crmid + \"&user=\" + assigned_user_id;\n    \/\/ remove any existing event listeners\n\n    \/\/ window features\n    const strWindowFeatures =\n  ('width=337,height=494');\n\n    if (windowObjectReference === null || windowObjectReference.closed) {\n        \/* if the pointer to the window object in memory does not exist\n         or if such pointer exists but the window was closed *\/\n        windowObjectReference = window.open(url, name, strWindowFeatures);\n    } else if (previousUrl !== url) {\n        \/* if the resource to load is different,\n         then we load it in the already opened secondary window and then\n         we bring such window back on top\/in front of its parent window. *\/\n        windowObjectReference = window.open(url, name, strWindowFeatures);\n        windowObjectReference.focus();\n    } else {\n        \/* else the window reference must exist and the window\n         is not closed; therefore, we can bring it back on top of any other\n         window with the focus() method. There would be no need to re-create\n         the window or to reload the referenced resource. *\/\n        windowObjectReference.focus();\n    }\n\n    \/\/ add the listener for receiving a message from the popup\n    \/\/ assign the previous URL\n    previousUrl = url;\n};"]]></code>
</info>
</field>
</fields>
</block>
<block>
<label>LBL_DESCRIPTION_INFORMATION</label>
<display_status>1</display_status>
<sequence>3</sequence>
<fields>
<field>
<fieldname>description</fieldname>
<uitype>19</uitype>
<columnname>description</columnname>
<tablename>TABLEPREFIX_insurances</tablename>
<generatedtype>1</generatedtype>
<fieldlabel><![CDATA[Description]]></fieldlabel>
<presence>2</presence>
<selected>0</selected>
<sequence>1</sequence>
<maximumlength>100</maximumlength>
<typeofdata>V~O</typeofdata>
<quickcreate>1</quickcreate>
<quickcreatesequence></quickcreatesequence>
<displaytype>1</displaytype>
<info_type>BAS</info_type>
<helpinfo><![CDATA[]]></helpinfo>
<masseditable>1</masseditable>
</field>
</fields>
</block>
<block>
<label>LBL_CUSTOM_INFORMATION</label>
<display_status>1</display_status>
<sequence>3</sequence>
<fields>
<field>
<fieldname>assigned_user_id</fieldname>
<uitype>53</uitype>
<columnname>smownerid</columnname>
<tablename>TABLEPREFIX_crmentity</tablename>
<generatedtype>1</generatedtype>
<fieldlabel><![CDATA[Assigned To]]></fieldlabel>
<readonly>1</readonly>
<presence>2</presence>
<selected>0</selected>
<sequence>1</sequence>
<maximumlength>100</maximumlength>
<typeofdata>I~M</typeofdata>
<quickcreate>2</quickcreate>
<quickcreatesequence>4</quickcreatesequence>
<displaytype>1</displaytype>
<info_type>BAS</info_type>
<helpinfo><![CDATA[]]></helpinfo>
<masseditable>1</masseditable>
</field>
<field>
<fieldname>createdtime</fieldname>
<uitype>70</uitype>
<columnname>createdtime</columnname>
<tablename>TABLEPREFIX_crmentity</tablename>
<generatedtype>1</generatedtype>
<fieldlabel><![CDATA[Created Time]]></fieldlabel>
<readonly>1</readonly>
<presence>2</presence>
<selected>0</selected>
<sequence>2</sequence>
<maximumlength>100</maximumlength>
<typeofdata>T~O</typeofdata>
<quickcreate>1</quickcreate>
<quickcreatesequence></quickcreatesequence>
<displaytype>2</displaytype>
<info_type>BAS</info_type>
<helpinfo><![CDATA[]]></helpinfo>
<masseditable>0</masseditable>
</field>
<field>
<fieldname>modifiedtime</fieldname>
<uitype>70</uitype>
<columnname>modifiedtime</columnname>
<tablename>TABLEPREFIX_crmentity</tablename>
<generatedtype>1</generatedtype>
<fieldlabel><![CDATA[Modified Time]]></fieldlabel>
<readonly>1</readonly>
<presence>2</presence>
<selected>0</selected>
<sequence>3</sequence>
<maximumlength>100</maximumlength>
<typeofdata>T~O</typeofdata>
<quickcreate>1</quickcreate>
<quickcreatesequence></quickcreatesequence>
<displaytype>2</displaytype>
<info_type>BAS</info_type>
<helpinfo><![CDATA[]]></helpinfo>
<masseditable>1</masseditable>
</field>
</fields>
</block>
</blocks>
</panel>
</panels>
<customviews>
<customview>
<viewname>All</viewname>
<setdefault>true</setdefault>
<setmetrics>false</setmetrics>
<fields>
<field>
<fieldname>insurance_name</fieldname>
<columnindex>1</columnindex>
</field>
<field>
<fieldname>price_rate</fieldname>
<columnindex>2</columnindex>
</field>
<field>
<fieldname>website</fieldname>
<columnindex>3</columnindex>
</field>
<field>
<fieldname>phone</fieldname>
<columnindex>4</columnindex>
</field>
</fields>
</customview>
</customviews>
<sharingaccess>
<default>private</default>
</sharingaccess>
<actions>
<action>
<name><![CDATA[Import]]></name>
<status>enabled</status>
</action>
<action>
<name><![CDATA[Export]]></name>
<status>enabled</status>
</action>
<action>
<name><![CDATA[DuplicatesHandling]]></name>
<status>enabled</status>
</action>
</actions>
<relatedlists>
<relatedlist>
<function>get_dependents_list</function>
<label>Processes</label>
<sequence>1</sequence>
<presence>0</presence>
<actions>
<action>ADD</action>
</actions>
<relatedmodule>Processes</relatedmodule>
</relatedlist>
<relatedlist>
<function>get_messages_list</function>
<label>Messages</label>
<sequence>2</sequence>
<presence>0</presence>
<actions>
<action>ADD</action>
</actions>
<relatedmodule>Messages</relatedmodule>
</relatedlist>
<relatedlist>
<function>get_attachments</function>
<label>Documents</label>
<sequence>3</sequence>
<presence>0</presence>
<actions>
<action>ADD</action>
<action>SELECT</action>
</actions>
<relatedmodule>Documents</relatedmodule>
</relatedlist>
<relatedlist>
<function>get_activities</function>
<label>Activities</label>
<sequence>4</sequence>
<presence>0</presence>
<actions>
<action>ADD</action>
</actions>
<relatedmodule>Calendar</relatedmodule>
</relatedlist>
<relatedlist>
<function>get_dependents_list</function>
<label>Invoice</label>
<sequence>5</sequence>
<presence>0</presence>
<relatedmodule>Invoice</relatedmodule>
</relatedlist>
<relatedlist>
<function>get_dependents_list</function>
<label>SalesOrder</label>
<sequence>6</sequence>
<presence>0</presence>
<relatedmodule>SalesOrder</relatedmodule>
</relatedlist>
<relatedlist>
<function>get_dependents_list</function>
<label>Quotes</label>
<sequence>7</sequence>
<presence>0</presence>
<relatedmodule>Quotes</relatedmodule>
</relatedlist>
<relatedlist>
<function>get_dependents_list</function>
<label>Vehicles</label>
<sequence>8</sequence>
<presence>0</presence>
<relatedmodule>Vehicles</relatedmodule>
</relatedlist>
</relatedlists>
<customlinks>
<customlink>
<linktype>DETAILVIEWWIDGET</linktype>
<linklabel>DetailViewBlockCommentWidget</linklabel>
<linkurl><![CDATA[block://ModComments:modules/ModComments/ModComments.php]]></linkurl>
<linkicon><![CDATA[]]></linkicon>
<sequence>0</sequence>
</customlink>
<customlink>
<linktype>DETAILVIEWWIDGET</linktype>
<linklabel>DetailViewMyNotesWidget</linklabel>
<linkurl><![CDATA[block://MyNotes:modules/MyNotes/MyNotes.php]]></linkurl>
<linkicon><![CDATA[]]></linkicon>
<sequence>0</sequence>
</customlink>
<customlink>
<linktype>DETAILVIEWWIDGET</linktype>
<linklabel>DetailViewProcessesAdvPerm</linklabel>
<linkurl><![CDATA[block://Processes:modules/Processes/Processes.php]]></linkurl>
<linkicon><![CDATA[]]></linkicon>
<sequence>1</sequence>
</customlink>
</customlinks>
<sdk>
<extra_sources>
<extra_src>modules/SDK/src/ReturnFunct/ReturnInsurancesInformation.php</extra_src>
</extra_sources>
</sdk>
</module>
