<?xml version="1.0" encoding="UTF-8" ?>
<module>
<name>Timesheets</name>
<label>Timesheets</label>
<parent>Tools</parent>
<version>21.10</version>
<dependencies>
<vtiger_version>21.10</vtiger_version>
</dependencies>
<tables>
<table>
<name>TABLEPREFIX_timesheets</name>
<sql><![CDATA[<?xml version="1.0"?>
<schema version="0.3">
  <table name="TABLEPREFIX_timesheets">
    <field name="timesheetsid" type="I" size="19">
      <KEY/>
    </field>
    <field name="timesheet_name" type="C" size="200"/>
    <field name="timesheet_date" type="D"/>
    <field name="service_id" type="I" size="19"/>
    <field name="start_time" type="I" size="5"/>
    <field name="end_time" type="I" size="5"/>
    <field name="timesheet_status" type="C" size="255"/>
    <field name="total_hours" type="N" size="25,3"/>
    <field name="employee_id" type="I" size="19"/>
    <field name="salesorder_id" type="I" size="19"/>
    <field name="servicename" type="C" size="200"/>
    <field name="employeename" type="C" size="200"/>
    <field name="salesorder_lineid" type="C" size="200"/>
    <field name="description" type="XL"/>
  </table>
</schema>]]></sql>
</table>
<table>
<name>TABLEPREFIX_timesheetscf</name>
<sql><![CDATA[<?xml version="1.0"?>
<schema version="0.3">
  <table name="TABLEPREFIX_timesheetscf">
    <field name="timesheetsid" type="I" size="19">
      <KEY/>
    </field>
  </table>
</schema>]]></sql>
</table>
</tables>
<panels>
<panel>
<label>LBL_TAB_MAIN</label>
<blocks>
<block>
<label>LBL_TIMESHEETS_INFORMATION</label>
<display_status>1</display_status>
<sequence>1</sequence>
<fields>
<field>
<fieldname>timesheet_name</fieldname>
<uitype>1</uitype>
<columnname>timesheet_name</columnname>
<tablename>TABLEPREFIX_timesheets</tablename>
<generatedtype>1</generatedtype>
<fieldlabel><![CDATA[Timesheet Name]]></fieldlabel>
<presence>2</presence>
<selected>0</selected>
<sequence>1</sequence>
<maximumlength>100</maximumlength>
<typeofdata>V~M</typeofdata>
<quickcreate>0</quickcreate>
<quickcreatesequence>1</quickcreatesequence>
<displaytype>1</displaytype>
<info_type>BAS</info_type>
<helpinfo><![CDATA[]]></helpinfo>
<masseditable>1</masseditable>
<entityidentifier>
<entityidfield>timesheetsid</entityidfield>
<entityidcolumn>timesheetsid</entityidcolumn>
</entityidentifier>
</field>
<field>
<fieldname>timesheet_date</fieldname>
<uitype>5</uitype>
<columnname>timesheet_date</columnname>
<tablename>TABLEPREFIX_timesheets</tablename>
<generatedtype>1</generatedtype>
<fieldlabel><![CDATA[Timesheet Date]]></fieldlabel>
<presence>2</presence>
<selected>0</selected>
<sequence>2</sequence>
<maximumlength>100</maximumlength>
<typeofdata>D~M</typeofdata>
<quickcreate>2</quickcreate>
<quickcreatesequence>2</quickcreatesequence>
<displaytype>1</displaytype>
<info_type>BAS</info_type>
<helpinfo><![CDATA[]]></helpinfo>
<masseditable>1</masseditable>
</field>
<field>
<fieldname>service_id</fieldname>
<uitype>10</uitype>
<columnname>service_id</columnname>
<tablename>TABLEPREFIX_timesheets</tablename>
<generatedtype>1</generatedtype>
<fieldlabel><![CDATA[Service]]></fieldlabel>
<presence>2</presence>
<selected>0</selected>
<sequence>3</sequence>
<maximumlength>100</maximumlength>
<typeofdata>V~O</typeofdata>
<quickcreate>2</quickcreate>
<quickcreatesequence>3</quickcreatesequence>
<displaytype>1</displaytype>
<info_type>BAS</info_type>
<helpinfo><![CDATA[]]></helpinfo>
<masseditable>1</masseditable>
<relatedmodules>
<relatedmodule>Services</relatedmodule>
</relatedmodules>
</field>
<field>
<fieldname>start_time</fieldname>
<uitype>73</uitype>
<columnname>start_time</columnname>
<tablename>TABLEPREFIX_timesheets</tablename>
<generatedtype>1</generatedtype>
<fieldlabel><![CDATA[Start Time]]></fieldlabel>
<presence>2</presence>
<selected>0</selected>
<sequence>4</sequence>
<maximumlength>100</maximumlength>
<typeofdata>T~O</typeofdata>
<quickcreate>2</quickcreate>
<quickcreatesequence>4</quickcreatesequence>
<displaytype>1</displaytype>
<info_type>BAS</info_type>
<helpinfo><![CDATA[]]></helpinfo>
<masseditable>1</masseditable>
</field>
<field>
<fieldname>end_time</fieldname>
<uitype>73</uitype>
<columnname>end_time</columnname>
<tablename>TABLEPREFIX_timesheets</tablename>
<generatedtype>1</generatedtype>
<fieldlabel><![CDATA[End Time]]></fieldlabel>
<presence>2</presence>
<selected>0</selected>
<sequence>5</sequence>
<maximumlength>100</maximumlength>
<typeofdata>T~O</typeofdata>
<quickcreate>2</quickcreate>
<quickcreatesequence>5</quickcreatesequence>
<displaytype>1</displaytype>
<info_type>BAS</info_type>
<helpinfo><![CDATA[]]></helpinfo>
<masseditable>1</masseditable>
</field>
<field>
<fieldname>timesheet_status</fieldname>
<uitype>15</uitype>
<columnname>timesheet_status</columnname>
<tablename>TABLEPREFIX_timesheets</tablename>
<generatedtype>1</generatedtype>
<fieldlabel><![CDATA[Timesheet Status]]></fieldlabel>
<presence>2</presence>
<selected>0</selected>
<sequence>6</sequence>
<maximumlength>100</maximumlength>
<typeofdata>V~O</typeofdata>
<quickcreate>2</quickcreate>
<quickcreatesequence>6</quickcreatesequence>
<displaytype>1</displaytype>
<info_type>BAS</info_type>
<helpinfo><![CDATA[]]></helpinfo>
<masseditable>1</masseditable>
<picklistvalues>
<picklistvalue>In Progress</picklistvalue>
<picklistvalue>Closed</picklistvalue>
<picklistvalue>Autoclosed</picklistvalue>
</picklistvalues>
</field>
<field>
<fieldname>total_hours</fieldname>
<uitype>7</uitype>
<columnname>total_hours</columnname>
<tablename>TABLEPREFIX_timesheets</tablename>
<generatedtype>1</generatedtype>
<fieldlabel><![CDATA[Total Hours]]></fieldlabel>
<readonly>1</readonly>
<presence>2</presence>
<selected>0</selected>
<sequence>7</sequence>
<maximumlength>100</maximumlength>
<typeofdata>N~O</typeofdata>
<quickcreate>2</quickcreate>
<quickcreatesequence>8</quickcreatesequence>
<displaytype>1</displaytype>
<info_type>BAS</info_type>
<helpinfo><![CDATA[]]></helpinfo>
<masseditable>1</masseditable>
</field>
<field>
<fieldname>employee_id</fieldname>
<uitype>10</uitype>
<columnname>employee_id</columnname>
<tablename>TABLEPREFIX_timesheets</tablename>
<generatedtype>1</generatedtype>
<fieldlabel><![CDATA[Employee]]></fieldlabel>
<presence>2</presence>
<selected>0</selected>
<sequence>8</sequence>
<maximumlength>100</maximumlength>
<typeofdata>V~O</typeofdata>
<quickcreate>2</quickcreate>
<quickcreatesequence>8</quickcreatesequence>
<displaytype>1</displaytype>
<info_type>BAS</info_type>
<helpinfo><![CDATA[]]></helpinfo>
<masseditable>1</masseditable>
<relatedmodules>
<relatedmodule>Employees</relatedmodule>
</relatedmodules>
</field>
<field>
<fieldname>salesorder_id</fieldname>
<uitype>10</uitype>
<columnname>salesorder_id</columnname>
<tablename>TABLEPREFIX_timesheets</tablename>
<generatedtype>1</generatedtype>
<fieldlabel><![CDATA[SalesOrder]]></fieldlabel>
<presence>2</presence>
<selected>0</selected>
<sequence>9</sequence>
<maximumlength>100</maximumlength>
<typeofdata>V~O</typeofdata>
<quickcreate>2</quickcreate>
<quickcreatesequence>9</quickcreatesequence>
<displaytype>1</displaytype>
<info_type>BAS</info_type>
<helpinfo><![CDATA[]]></helpinfo>
<masseditable>1</masseditable>
<relatedmodules>
<relatedmodule>SalesOrder</relatedmodule>
</relatedmodules>
</field>
</fields>
</block>
<block>
<label>LBL_TECHNICAL_INFORMATION</label>
<display_status>1</display_status>
<sequence>2</sequence>
<fields>
<field>
<fieldname>servicename</fieldname>
<uitype>1</uitype>
<columnname>servicename</columnname>
<tablename>TABLEPREFIX_timesheets</tablename>
<generatedtype>1</generatedtype>
<fieldlabel><![CDATA[Service Name]]></fieldlabel>
<readonly>99</readonly>
<presence>2</presence>
<selected>0</selected>
<sequence>1</sequence>
<maximumlength>100</maximumlength>
<typeofdata>V~O</typeofdata>
<quickcreate>1</quickcreate>
<quickcreatesequence></quickcreatesequence>
<displaytype>1</displaytype>
<info_type>BAS</info_type>
<helpinfo><![CDATA[]]></helpinfo>
<masseditable>1</masseditable>
</field>
<field>
<fieldname>employeename</fieldname>
<uitype>1</uitype>
<columnname>employeename</columnname>
<tablename>TABLEPREFIX_timesheets</tablename>
<generatedtype>1</generatedtype>
<fieldlabel><![CDATA[Employee Name]]></fieldlabel>
<readonly>99</readonly>
<presence>2</presence>
<selected>0</selected>
<sequence>2</sequence>
<maximumlength>100</maximumlength>
<typeofdata>V~O</typeofdata>
<quickcreate>1</quickcreate>
<quickcreatesequence></quickcreatesequence>
<displaytype>1</displaytype>
<info_type>BAS</info_type>
<helpinfo><![CDATA[]]></helpinfo>
<masseditable>1</masseditable>
</field>
<field>
<fieldname>salesorder_lineid</fieldname>
<uitype>1</uitype>
<columnname>salesorder_lineid</columnname>
<tablename>TABLEPREFIX_timesheets</tablename>
<generatedtype>1</generatedtype>
<fieldlabel><![CDATA[SalesOrder LineId]]></fieldlabel>
<readonly>99</readonly>
<presence>2</presence>
<selected>0</selected>
<sequence>3</sequence>
<maximumlength>100</maximumlength>
<typeofdata>V~O</typeofdata>
<quickcreate>1</quickcreate>
<quickcreatesequence></quickcreatesequence>
<displaytype>1</displaytype>
<info_type>BAS</info_type>
<helpinfo><![CDATA[]]></helpinfo>
<masseditable>1</masseditable>
</field>
</fields>
</block>
<block>
<label>LBL_DESCRIPTION_INFORMATION</label>
<display_status>1</display_status>
<sequence>3</sequence>
<fields>
<field>
<fieldname>description</fieldname>
<uitype>19</uitype>
<columnname>description</columnname>
<tablename>TABLEPREFIX_timesheets</tablename>
<generatedtype>1</generatedtype>
<fieldlabel><![CDATA[Description]]></fieldlabel>
<presence>2</presence>
<selected>0</selected>
<sequence>1</sequence>
<maximumlength>100</maximumlength>
<typeofdata>V~O</typeofdata>
<quickcreate>1</quickcreate>
<quickcreatesequence></quickcreatesequence>
<displaytype>1</displaytype>
<info_type>BAS</info_type>
<helpinfo><![CDATA[]]></helpinfo>
<masseditable>1</masseditable>
</field>
</fields>
</block>
<block>
<label>LBL_CUSTOM_INFORMATION</label>
<display_status>1</display_status>
<sequence>3</sequence>
<fields>
<field>
<fieldname>assigned_user_id</fieldname>
<uitype>53</uitype>
<columnname>smownerid</columnname>
<tablename>TABLEPREFIX_crmentity</tablename>
<generatedtype>1</generatedtype>
<fieldlabel><![CDATA[Assigned To]]></fieldlabel>
<readonly>1</readonly>
<presence>2</presence>
<selected>0</selected>
<sequence>1</sequence>
<maximumlength>100</maximumlength>
<typeofdata>I~M</typeofdata>
<quickcreate>2</quickcreate>
<quickcreatesequence>4</quickcreatesequence>
<displaytype>1</displaytype>
<info_type>BAS</info_type>
<helpinfo><![CDATA[]]></helpinfo>
<masseditable>1</masseditable>
</field>
<field>
<fieldname>createdtime</fieldname>
<uitype>70</uitype>
<columnname>createdtime</columnname>
<tablename>TABLEPREFIX_crmentity</tablename>
<generatedtype>1</generatedtype>
<fieldlabel><![CDATA[Created Time]]></fieldlabel>
<readonly>1</readonly>
<presence>2</presence>
<selected>0</selected>
<sequence>2</sequence>
<maximumlength>100</maximumlength>
<typeofdata>T~O</typeofdata>
<quickcreate>1</quickcreate>
<quickcreatesequence></quickcreatesequence>
<displaytype>2</displaytype>
<info_type>BAS</info_type>
<helpinfo><![CDATA[]]></helpinfo>
<masseditable>0</masseditable>
</field>
<field>
<fieldname>modifiedtime</fieldname>
<uitype>70</uitype>
<columnname>modifiedtime</columnname>
<tablename>TABLEPREFIX_crmentity</tablename>
<generatedtype>1</generatedtype>
<fieldlabel><![CDATA[Modified Time]]></fieldlabel>
<readonly>1</readonly>
<presence>2</presence>
<selected>0</selected>
<sequence>3</sequence>
<maximumlength>100</maximumlength>
<typeofdata>T~O</typeofdata>
<quickcreate>1</quickcreate>
<quickcreatesequence></quickcreatesequence>
<displaytype>2</displaytype>
<info_type>BAS</info_type>
<helpinfo><![CDATA[]]></helpinfo>
<masseditable>1</masseditable>
</field>
</fields>
</block>
</blocks>
</panel>
</panels>
<customviews>
<customview>
<viewname>All</viewname>
<setdefault>true</setdefault>
<setmetrics>false</setmetrics>
<fields>
<field>
<fieldname>timesheet_name</fieldname>
<columnindex>1</columnindex>
</field>
<field>
<fieldname>timesheet_date</fieldname>
<columnindex>2</columnindex>
</field>
<field>
<fieldname>start_time</fieldname>
<columnindex>3</columnindex>
</field>
<field>
<fieldname>end_time</fieldname>
<columnindex>4</columnindex>
</field>
<field>
<fieldname>employee_id</fieldname>
<columnindex>5</columnindex>
</field>
</fields>
</customview>
</customviews>
<sharingaccess>
<default>private</default>
</sharingaccess>
<actions>
<action>
<name><![CDATA[Import]]></name>
<status>enabled</status>
</action>
<action>
<name><![CDATA[Export]]></name>
<status>enabled</status>
</action>
<action>
<name><![CDATA[DuplicatesHandling]]></name>
<status>enabled</status>
</action>
</actions>
<relatedlists>
<relatedlist>
<function>get_dependents_list</function>
<label>Processes</label>
<sequence>1</sequence>
<presence>0</presence>
<actions>
<action>ADD</action>
</actions>
<relatedmodule>Processes</relatedmodule>
</relatedlist>
<relatedlist>
<function>get_messages_list</function>
<label>Messages</label>
<sequence>2</sequence>
<presence>0</presence>
<actions>
<action>ADD</action>
</actions>
<relatedmodule>Messages</relatedmodule>
</relatedlist>
<relatedlist>
<function>get_attachments</function>
<label>Documents</label>
<sequence>3</sequence>
<presence>0</presence>
<actions>
<action>ADD</action>
<action>SELECT</action>
</actions>
<relatedmodule>Documents</relatedmodule>
</relatedlist>
<relatedlist>
<function>get_activities</function>
<label>Activities</label>
<sequence>4</sequence>
<presence>0</presence>
<actions>
<action>ADD</action>
</actions>
<relatedmodule>Calendar</relatedmodule>
</relatedlist>
</relatedlists>
<customlinks>
<customlink>
<linktype>DETAILVIEWWIDGET</linktype>
<linklabel>DetailViewBlockCommentWidget</linklabel>
<linkurl><![CDATA[block://ModComments:modules/ModComments/ModComments.php]]></linkurl>
<linkicon><![CDATA[]]></linkicon>
<sequence>0</sequence>
</customlink>
<customlink>
<linktype>DETAILVIEWWIDGET</linktype>
<linklabel>DetailViewMyNotesWidget</linklabel>
<linkurl><![CDATA[block://MyNotes:modules/MyNotes/MyNotes.php]]></linkurl>
<linkicon><![CDATA[]]></linkicon>
<sequence>0</sequence>
</customlink>
<customlink>
<linktype>DETAILVIEWWIDGET</linktype>
<linklabel>DetailViewProcessesAdvPerm</linklabel>
<linkurl><![CDATA[block://Processes:modules/Processes/Processes.php]]></linkurl>
<linkicon><![CDATA[]]></linkicon>
<sequence>1</sequence>
</customlink>
</customlinks>
<sdk>
<extra_sources>
<extra_src>modules/SDK/src/modules/SalesOrder/SalesOrderHandler.php</extra_src>
<extra_src>modules/SDK/src/modules/Timesheets/TimesheetsHandler.php</extra_src>
<extra_src>modules/SDK/src/modules/Webservices/updateInventoryRow.php</extra_src>
<extra_src>modules/SDK/src/modules/Webservices/createOtherTimesheet.php</extra_src>
<extra_src>cron/modules/Timesheets/AutoCloseTimesheets.php</extra_src>
<extra_src>modules/SDK/src/modules/Employees/PreSaveEmployees.php</extra_src>
</extra_sources>
<presave>
<src>modules/SDK/src/modules/Employees/PreSaveEmployees.php</src>
</presave>
</sdk>
</module>
